user_id,gender,age,subscription_plan,tenure_months,num_courses_enrolled,completed_courses,avg_session_duration,sessions_per_week,satisfaction_score,support_tickets,used_discount,last_login_date,preferred_device,income_level,referral_code,feedback_text,churned
U0000,Male,33,Basic,22,7,7,25.91,4,3,0,0,2025-06-03,Mobile,6506768,,Natural whose practice yet.,0
U0001,Unknown,25,Basic,15,3,6,46.09,0,2,1,0,2025-05-30,Desktop,5267578,YPYkQm,Structure seat treatment difficult floor.,0
U0002,Female,49,Standard,14,5,1,32.04,0,5,0,0,2025-05-05,Mobile,6154386,SLBnTl,Share staff player majority.,0
U0003,Female,36,Standard,24,2,5,43.13,0,5,1,0,2025-07-10,Mobile,2541964,,,0
U0004,Male,29,Basic,7,4,7,29.24,5,3,2,1,2025-06-18,Mobile,6098859,,,0
U0005,Male,44,Basic,20,5,2,22.45,8,2,0,0,2025-05-23,Desktop,3679943,ccJtPm,Theory foot popular project face else fill.,0
U0006,Male,45,Basic,2,6,2,15.58,9,1,1,1,2025-07-29,Desktop,2966232,AGrEvv,Worker vote white both.,0
U0007,Female,29,Standard,7,3,1,36.48,10,5,0,0,2025-06-02,Desktop,3989310,kZZMHt,,0
U0008,Female,51,Basic,6,8,3,46.94,0,1,1,1,2025-07-22,Mobile,7724129,iWLzUK,,0
U0009,Female,22,Basic,17,4,4,21.14,4,2,1,1,2025-08-02,Mobile,4271091,AYzNPV,Ready stop issue trial.,0
U0010,Male,34,Standard,2,7,3,35.13,8,5,0,0,2025-05-05,Mobile,9402781,,Trip born use democratic remain dark few.,0
U0011,Unknown,21,Basic,3,2,2,16.24,8,5,0,0,2025-05-16,Mobile,875643,juUCeN,,0
U0012,Female,41,Standard,5,5,2,24.44,0,1,2,0,2025-07-11,Mobile,1907444,,Relationship thank bring girl.,1
U0013,Male,18,Basic,5,7,2,32.68,7,4,0,0,2025-07-06,Mobile,7648370,dKCTFW,They box join manager ever.,0
U0014,Male,26,Basic,1,5,4,12.72,0,1,0,0,2025-06-25,Mobile,8151209,FLGYiY,,1
U0015,Male,46,Basic,8,3,6,29.82,7,1,0,0,2025-06-10,Desktop,3273085,tczhUh,Anyone maintain condition simple story seven food.,0
U0016,Male,21,Standard,12,7,1,21.63,0,4,0,0,2025-05-07,Mobile,5137787,pbULMp,,0
U0017,Female,49,Premium,24,4,5,36.05,4,2,0,1,2025-07-16,Desktop,6424379,VejFIN,Move much something take.,0
U0018,Male,17,Premium,4,4,0,28.35,7,2,1,0,2025-07-24,Mobile,4541248,,Past tree simply mission another teacher best tax.,0
U0019,Male,34,Basic,13,3,4,39.39,5,5,1,1,2025-07-11,Mobile,5299734,,Social protect again magazine heart cultural left.,0
U0020,Female,48,Standard,23,8,4,27.2,8,3,1,0,2025-07-19,Mobile,5021866,Ontxex,Daughter even little turn change cover others modern.,0
U0021,Male,27,Basic,15,5,5,16.38,0,3,0,1,2025-05-21,Mobile,2037106,sVacpk,Commercial baby or on I job.,0
U0022,Male,37,Basic,11,3,1,15.13,8,5,0,0,2025-05-22,Mobile,4310677,qdDIur,Necessary word husband think dog television become.,0
U0023,Male,42,Premium,10,5,5,10.91,0,3,0,0,2025-06-04,Mobile,5024730,,,0
U0024,Female,41,Basic,3,3,2,36.33,9,1,0,1,2025-05-05,Tablet,5206243,SjDXkm,,0
U0025,Female,38,Basic,22,4,2,55.58,9,1,0,0,2025-06-21,Desktop,1538987,tTIPsJ,If difficult rich become our.,0
U0026,Male,43,Basic,14,2,6,34.35,2,4,0,1,2025-05-08,Mobile,6507387,vjhbPC,,0
U0027,Female,29,Basic,16,4,1,46.72,0,4,1,0,2025-06-06,Desktop,5258987,dcwTve,Science often specific check.,0
U0028,Female,49,Basic,10,3,3,41.34,2,5,1,0,2025-08-02,Desktop,2889227,rPVyOD,,0
U0029,Male,50,Standard,10,7,5,24.82,10,5,1,0,2025-05-08,Desktop,8598128,KmayEU,Determine turn population rather this.,0
U0030,Female,57,Standard,12,4,3,42.65,1,5,0,1,2025-05-25,Desktop,4306830,zoBdbQ,,0
U0031,Male,51,Premium,9,5,0,25.21,1,1,0,0,2025-06-14,Mobile,4436705,oCJoLu,Choice factor old central.,0
U0032,Male,17,Premium,1,4,4,25.41,8,3,0,1,2025-05-07,Mobile,6283418,BwlChh,Process town audience whatever defense.,0
U0033,Other,37,Basic,5,5,2,27.91,7,5,0,1,2025-07-29,Mobile,8768002,,Once small least house.,0
U0034,Unknown,22,Basic,20,4,1,28.39,0,5,0,0,2025-06-14,Mobile,6362079,,Window value letter education.,1
U0035,Female,44,Basic,8,6,6,36.61,3,1,0,0,2025-05-09,Mobile,6652219,HJgbwf,Student bit take eat section both major.,0
U0036,Male,33,Standard,11,9,5,23.29,0,1,1,1,2025-07-10,Mobile,2996756,wralzW,Policy magazine food guy government.,0
U0037,Male,21,Basic,12,3,4,38.89,0,1,2,0,2025-06-12,Tablet,5173919,,Wait environment player boy tax defense.,0
U0038,Female,47,Standard,1,8,1,38.75,3,3,2,0,2025-07-15,Tablet,3935476,ehQcVi,Wrong save million write.,1
U0039,Male,21,Standard,22,5,2,33.43,1,5,0,0,2025-06-23,Desktop,6408259,,,0
U0040,Male,54,Standard,20,1,2,49.4,2,2,1,0,2025-05-18,Desktop,6593931,,,0
U0041,Female,19,Standard,11,3,2,42.87,10,2,1,0,2025-07-06,Tablet,8266459,sndhPM,At machine away much break.,0
U0042,Male,39,Basic,5,5,2,40.7,8,5,0,0,2025-06-27,Mobile,683316,cMppXD,Room market stuff avoid own painting single.,0
U0043,Other,53,Premium,15,4,0,30.66,1,5,0,1,2025-06-10,Mobile,3738843,,Specific stage high usually choose.,0
U0044,Male,53,Standard,5,6,8,33.52,3,5,0,0,2025-05-18,Mobile,7600497,zzwYXq,Story movie team social floor partner hold.,0
U0045,Female,26,Basic,12,5,4,35.24,0,5,2,0,2025-05-14,Desktop,2196940,qWcujy,Entire authority bank process eye only after.,0
U0046,Male,26,Premium,5,5,2,30.13,1,3,0,1,2025-06-20,Mobile,6611302,,,0
U0047,Female,35,Standard,17,4,3,26.24,4,2,1,1,2025-05-30,Desktop,7268001,KfOTNJ,Its suggest fast knowledge.,0
U0048,Female,33,Premium,17,9,4,5.94,9,4,0,1,2025-05-09,Mobile,4943320,VnonQX,,0
U0049,Male,37,Standard,24,6,3,37.18,0,2,0,0,2025-07-13,Mobile,2157070,MfhhFY,Wind region compare remain course despite collection her.,0
U0050,Unknown,30,Standard,12,7,5,40.41,10,2,1,1,2025-07-16,Desktop,4756960,,Maybe number wrong if avoid.,0
U0051,Female,25,Basic,24,3,6,18.39,6,1,0,0,2025-05-09,Mobile,7917362,Dctdje,Arrive maybe left though.,0
U0052,Other,17,Basic,15,2,9,36.05,3,5,0,0,2025-07-02,Mobile,8078034,FylQrR,Once capital but possible few several record new.,0
U0053,Female,29,Standard,15,3,4,24.08,5,5,2,0,2025-07-01,Mobile,5415760,EnKvYI,Couple where authority out car inside.,0
U0054,Female,20,Standard,6,2,5,26.33,7,5,0,0,2025-05-28,Mobile,3045524,JzXuMA,Test us unit benefit.,0
U0055,Other,17,Basic,12,7,3,43.11,5,1,1,1,2025-07-05,Desktop,8476794,,,0
U0056,Male,56,Basic,20,2,2,20.09,1,3,0,0,2025-07-16,Mobile,6641845,,,0
U0057,Male,48,Premium,18,5,1,20.08,0,3,0,1,2025-07-30,Mobile,3176980,,,0
U0058,Male,50,Premium,14,5,3,48.05,7,4,0,1,2025-05-14,Mobile,5685037,thMChw,Boy must board watch war face.,0
U0059,Male,44,Standard,2,7,2,28.54,7,3,1,0,2025-05-27,Desktop,5593496,,Mrs above just plant.,0
U0060,Male,47,Basic,9,5,3,42.47,8,3,1,0,2025-05-31,Mobile,3726409,,Range professor item term research leader.,0
U0061,Male,24,Basic,5,6,3,14.01,5,5,0,0,2025-06-06,Desktop,5696213,,,0
U0062,Female,55,Basic,20,7,4,14.81,0,2,0,0,2025-07-21,Desktop,7212373,fsmKtk,,0
U0063,Male,42,Premium,1,3,1,20.87,8,3,2,0,2025-07-13,Mobile,4407501,,,0
U0064,Male,50,Basic,23,6,4,25.19,2,3,1,1,2025-05-05,Desktop,7416538,,Perhaps collection financial option perform water.,0
U0065,Female,19,Standard,3,8,2,15.97,10,1,1,0,2025-05-27,Desktop,1489290,xapGcF,Poor because hotel visit keep usually authority.,0
U0066,Male,28,Basic,6,3,3,33.69,5,4,1,0,2025-07-18,Mobile,9436533,rSrWXo,,0
U0067,Female,17,Standard,5,6,2,34.35,9,1,0,1,2025-07-26,Mobile,5114702,fWybuY,Project energy economy general build raise.,0
U0068,Male,21,Standard,21,5,2,21.02,9,5,1,0,2025-06-03,Tablet,7146041,jgJssy,,0
U0069,Unknown,46,Premium,5,3,4,21.81,10,2,0,1,2025-07-11,Desktop,5437222,GFbRPC,,0
U0070,Female,46,Basic,1,4,4,23.13,8,4,0,0,2025-07-10,Mobile,3352954,sqgyfJ,,0
U0071,Male,33,Basic,17,6,7,18.35,10,1,1,0,2025-07-30,Mobile,4927246,wxroce,,0
U0072,Male,39,Basic,19,6,0,1.04,2,3,0,0,2025-05-13,Desktop,1181057,lHwVoo,Interest week beyond after option across despite director.,0
U0073,Female,31,Premium,14,7,2,29.15,4,3,1,0,2025-05-13,Desktop,6376773,uAnkaN,,0
U0074,Female,53,Premium,12,6,1,25.7,4,4,0,0,2025-07-30,Desktop,5387529,wWLbZc,,1
U0075,Female,37,Standard,10,5,5,26.72,9,3,1,1,2025-06-21,Mobile,4616885,XRFKuC,,0
U0076,Female,30,Standard,20,2,2,19.88,6,1,0,0,2025-07-15,Desktop,6505399,ojdsnW,Society professor who strategy loss recent brother.,0
U0077,Male,18,Standard,21,5,0,38.1,3,1,0,1,2025-05-14,Mobile,5075046,,Her heart poor try draw discuss head second.,0
U0078,Male,27,Basic,18,9,1,54.25,10,3,1,0,2025-06-06,Mobile,6213659,,Opportunity town reveal fight college thought.,0
U0079,Male,55,Premium,24,3,4,21.66,3,3,2,0,2025-07-31,Desktop,6924633,,Indeed tax be after movement trip fall.,0
U0080,Female,54,Standard,11,9,6,44.0,6,5,1,0,2025-06-27,Tablet,3901543,ujzyQE,Paper family any position audience appear nature.,0
U0081,Female,50,Basic,2,2,1,33.67,8,2,0,1,2025-05-07,Mobile,3329179,,Television degree direction condition end series market couple.,0
U0082,Male,54,Standard,18,1,2,30.35,10,4,2,0,2025-05-29,Mobile,1554879,,,0
U0083,Male,50,Basic,7,4,4,26.56,3,1,0,0,2025-07-11,Desktop,5245121,fqYlFl,,0
U0084,Male,34,Basic,24,3,5,29.17,3,4,0,1,2025-07-15,Mobile,5904194,,Pm better myself listen phone down possible company.,0
U0085,Male,46,Standard,15,4,2,41.5,5,5,0,0,2025-07-11,Desktop,2352769,,Behind although or interest dinner PM business.,0
U0086,Female,31,Basic,11,5,3,18.62,5,1,0,1,2025-07-31,Desktop,7840759,,National including job perhaps within often.,0
U0087,Female,43,Standard,18,1,4,27.25,6,5,0,0,2025-05-20,Mobile,3355329,SJElWq,Toward run parent tough cell main wall.,0
U0088,Female,50,Basic,23,3,4,42.49,0,5,1,1,2025-07-09,Tablet,792999,,However production take phone into.,0
U0089,Female,54,Basic,12,5,2,39.84,10,3,0,1,2025-06-26,Desktop,7989645,vzoipk,,0
U0090,Male,49,Basic,6,3,6,18.77,2,4,2,1,2025-07-15,Desktop,1053970,iOgvuu,Material upon woman bag either.,0
U0091,Female,40,Basic,20,12,3,28.17,8,4,0,0,2025-06-25,Desktop,6928357,ShzYLf,Time baby catch never.,0
U0092,Female,31,Standard,23,2,1,37.28,5,3,1,0,2025-07-08,Desktop,6442239,DoxWxB,,0
U0093,Female,46,Basic,13,3,4,36.63,5,4,0,1,2025-07-25,Mobile,5639108,NUiiEI,Success conference range nearly office political his back.,0
U0094,Female,58,Standard,20,4,1,39.75,4,3,1,0,2025-05-18,Mobile,3954450,oIksDB,We buy doctor factor.,0
U0095,Female,33,Standard,16,9,4,33.84,10,1,0,0,2025-05-26,Desktop,6005594,,Trial will fill organization contain.,0
U0096,Female,21,Standard,18,5,2,35.52,2,5,0,1,2025-06-14,Mobile,7096969,fErQKk,,1
U0097,Male,45,Premium,10,3,2,33.43,10,5,0,0,2025-07-18,Mobile,3028379,jGodzK,Long serve new.,0
U0098,Male,20,Standard,23,3,2,45.8,4,4,0,0,2025-05-11,Desktop,6952747,gZVvzy,,0
U0099,Male,26,Basic,8,4,3,25.78,0,2,1,0,2025-07-05,Desktop,6861749,pQAoZw,Goal leg attention mouth piece think affect remain.,0
U0100,Male,33,Basic,18,4,6,30.48,2,5,0,0,2025-07-11,Mobile,5586102,hSHrjV,That someone there type treatment.,0
U0101,Female,26,Basic,21,7,2,19.85,3,3,0,0,2025-07-12,Desktop,3924050,QgHSYh,,0
U0102,Male,33,Standard,1,6,4,17.88,4,2,1,1,2025-06-19,Desktop,6870914,,,0
U0103,Female,36,Basic,23,3,1,33.25,9,2,0,0,2025-05-21,Mobile,6016625,,Write need affect southern.,1
U0104,Other,40,Standard,8,6,0,22.76,8,5,1,1,2025-07-31,Desktop,2968080,WBgqXz,Argue candidate more me.,0
U0105,Male,21,Standard,6,6,1,29.42,3,5,0,1,2025-07-19,Mobile,4265288,zsOloB,,0
U0106,Male,50,Basic,5,4,3,46.18,2,5,0,1,2025-05-27,Mobile,6638109,zoJFyd,,0
U0107,Female,22,Standard,15,7,3,45.6,9,3,0,0,2025-07-11,Mobile,5229161,EENKuV,All necessary young.,0
U0108,Male,18,Basic,22,4,3,52.24,0,2,0,1,2025-05-13,Mobile,7171965,OAOPSF,Usually significant service total only hundred prepare.,0
U0109,Male,29,Basic,15,7,4,46.38,9,4,1,0,2025-07-27,Mobile,4316706,iErHSy,,0
U0110,Male,59,Standard,2,3,4,54.03,5,3,0,0,2025-08-02,Desktop,3000209,kbQCcX,,0
U0111,Male,59,Standard,1,4,3,34.37,6,1,0,1,2025-05-26,Desktop,9387205,YMseEg,Exactly little clear executive.,0
U0112,Other,27,Standard,23,7,4,20.97,9,5,0,0,2025-07-10,Mobile,1638209,MUmtGQ,Smile woman administration street.,0
U0113,Female,39,Standard,23,8,3,20.0,7,2,0,1,2025-07-28,Desktop,4000320,DQTSYP,Room not art wife life art over.,0
U0114,Female,32,Basic,11,2,5,43.96,0,3,1,0,2025-07-14,Mobile,5559496,IccDPZ,,0
U0115,Female,47,Premium,10,9,4,30.52,3,1,1,1,2025-06-30,Mobile,6972167,RwjmOM,Eight senior me budget kitchen treatment federal.,0
U0116,Female,27,Standard,18,6,1,31.26,10,3,0,0,2025-07-03,Desktop,6292898,nsQmpJ,Whatever pattern water subject rock bag.,1
U0117,Male,32,Standard,18,4,1,24.51,4,3,0,1,2025-06-28,Mobile,9622518,FicvHt,Here product money there.,0
U0118,Female,24,Basic,17,7,1,25.71,1,4,0,0,2025-05-23,Mobile,4764803,SFwStp,News range either mission if low push.,0
U0119,Female,20,Standard,8,2,2,33.84,0,4,0,0,2025-06-02,Desktop,3254033,,Again drop partner college both.,0
U0120,Female,56,Basic,15,2,2,19.45,7,3,0,0,2025-06-14,Mobile,4560607,NcerpN,Concern TV play bag visit occur marriage team.,0
U0121,Female,20,Basic,8,3,4,32.57,5,1,1,0,2025-07-04,Desktop,4360046,KLVpSM,Red radio contain north no have.,0
U0122,Male,41,Premium,17,5,2,45.11,4,2,0,0,2025-07-19,Mobile,4863409,wnvwQG,Tax risk matter.,0
U0123,Male,19,Basic,12,7,3,8.66,8,2,0,0,2025-05-29,Mobile,3035023,jgmTTj,Choice century design watch behavior.,0
U0124,Male,48,Premium,8,4,4,14.59,10,5,0,0,2025-05-20,Mobile,6568112,iWmnkQ,Mr week everything commercial visit.,0
U0125,Male,19,Standard,14,4,4,36.76,10,5,0,0,2025-06-25,Mobile,5741660,MNQWJP,Each to model lay outside author.,0
U0126,Female,43,Basic,4,5,4,43.64,1,2,0,0,2025-07-23,Mobile,2472238,CaoQph,,1
U0127,Female,45,Standard,1,5,5,25.1,9,3,0,1,2025-07-22,Mobile,6936050,,Those game source others.,0
U0128,Male,48,Premium,1,4,3,10.02,7,3,2,1,2025-05-31,Desktop,3377036,ZJxBjB,,0
U0129,Female,35,Standard,19,5,6,44.32,10,4,0,1,2025-07-01,Tablet,2634368,,,0
U0130,Male,37,Premium,16,6,2,21.89,9,4,1,1,2025-06-02,Mobile,5174657,,,0
U0131,Male,21,Standard,14,5,4,26.39,8,5,0,0,2025-07-21,Mobile,1484313,mQOSSq,Least player central family answer.,0
U0132,Male,34,Standard,21,7,3,33.19,0,2,0,0,2025-06-08,Mobile,6179006,,Important despite country.,0
U0133,Male,44,Premium,16,8,2,23.34,6,3,0,0,2025-07-12,Tablet,-677680,,Important growth water thousand.,0
U0134,Other,58,Basic,5,4,5,21.24,7,2,0,1,2025-06-02,Tablet,2941274,RleVxY,,0
U0135,Male,38,Standard,9,5,2,21.42,2,1,0,1,2025-06-06,Mobile,8150274,sdtkCz,Threat chair easy direction.,0
U0136,Female,37,Basic,2,6,1,48.58,3,2,0,0,2025-05-24,Desktop,3626681,,,0
U0137,Female,22,Premium,18,9,2,41.6,2,1,0,0,2025-07-05,Mobile,3976829,,Stage phone heavy key.,0
U0138,Male,17,Premium,6,6,2,35.75,6,4,1,0,2025-06-30,Mobile,7547330,,,1
U0139,Unknown,21,Basic,9,0,6,8.14,8,4,0,0,2025-05-10,Mobile,3414272,,,0
U0140,Unknown,57,Standard,1,4,2,35.78,2,5,0,0,2025-05-21,Mobile,6526876,LFoEAk,Couple account rise exist stand pretty.,0
U0141,Male,28,Premium,9,2,3,35.24,5,2,1,0,2025-05-29,Mobile,7348376,DnzFrD,,0
U0142,Female,42,Basic,16,6,3,17.22,7,2,1,1,2025-05-05,Mobile,5957060,ZbpaSs,,0
U0143,Male,50,Standard,13,9,4,32.59,5,1,1,0,2025-06-01,Desktop,2110205,,Camera inside town major.,0
U0144,Male,30,Premium,9,0,2,40.51,1,4,0,1,2025-06-04,Mobile,3792028,,Across floor father imagine last deal move.,0
U0145,Male,42,Basic,21,3,2,35.69,6,1,0,1,2025-07-23,Mobile,10427239,wFEkIE,,0
U0146,Female,43,Standard,13,0,3,23.2,1,4,0,1,2025-07-15,Mobile,4018952,,Color movie open.,0
U0147,Female,25,Basic,9,8,4,30.13,1,1,1,1,2025-05-19,Mobile,10972658,,So save ok growth leader return.,0
U0148,Male,42,Premium,11,2,5,37.3,1,4,0,1,2025-05-16,Mobile,8417928,yZZhHU,Near interview especially official all.,0
U0149,Male,38,Premium,4,4,6,30.59,10,1,4,1,2025-06-25,Mobile,6038139,xyHmeH,Air however listen best.,0
U0150,Other,46,Premium,2,4,0,42.54,0,4,1,1,2025-05-15,Mobile,5594468,HtyWON,,0
U0151,Male,59,Standard,6,5,3,33.96,10,1,1,0,2025-05-05,Mobile,4070353,rxZwfl,Charge help style fish.,0
U0152,Male,33,Premium,14,4,2,37.53,0,2,1,1,2025-07-13,Mobile,4822174,XAskoj,Course one six carry move.,0
U0153,Female,42,Premium,4,3,5,38.21,6,5,1,1,2025-07-16,Mobile,3622551,,Kitchen whole ever.,0
U0154,Unknown,52,Basic,6,2,4,19.33,4,1,0,1,2025-06-08,Desktop,4872747,veUmHO,Action deal success white point.,0
U0155,Male,17,Premium,19,8,1,30.5,10,5,1,1,2025-06-17,Desktop,2275610,,,0
U0156,Female,24,Basic,6,4,1,26.68,2,2,1,0,2025-05-09,Mobile,2168457,fjsDRW,Product wait outside study Congress.,0
U0157,Female,51,Standard,2,5,2,40.44,0,2,1,0,2025-05-15,Mobile,7602031,CEWTFC,Lot pass industry message fund.,1
U0158,Male,31,Basic,18,5,2,34.63,10,4,1,0,2025-07-28,Mobile,1775380,,Message leg course list star.,0
U0159,Female,38,Basic,13,7,2,28.12,9,5,0,0,2025-05-20,Mobile,6772276,,Sit night future force city teacher.,0
U0160,Male,30,Basic,9,5,3,17.18,5,3,0,1,2025-05-17,Mobile,1211235,,Understand star expect room age thing buy enjoy.,0
U0161,Female,42,Standard,23,8,0,14.03,10,4,0,0,2025-06-08,Mobile,6259275,eYjRDH,,0
U0162,Female,44,Basic,19,5,0,33.1,0,5,0,0,2025-06-30,Mobile,4584831,ZBbclV,Day left action economy avoid may explain.,0
U0163,Female,39,Standard,13,4,3,22.83,8,1,0,0,2025-07-03,Tablet,7642632,KBQBfH,,0
U0164,Male,30,Basic,11,6,2,36.66,1,1,1,0,2025-07-06,Mobile,4336011,GOlUfe,Consumer listen necessary clear.,0
U0165,Female,40,Basic,1,5,5,13.57,0,2,0,1,2025-07-04,Mobile,980919,dJKxwy,,1
U0166,Male,18,Standard,24,1,4,45.93,6,3,0,1,2025-06-30,Mobile,4623927,OxjnoL,Four chance fill play run teacher.,0
U0167,Male,42,Standard,22,7,1,36.64,5,1,0,0,2025-06-28,Tablet,5319321,,Understand simply improve ground capital kitchen.,0
U0168,Male,30,Basic,7,4,4,30.99,5,5,0,0,2025-06-13,Desktop,4736044,,Situation member no perhaps strategy.,0
U0169,Female,23,Standard,21,4,6,46.83,4,5,2,0,2025-05-09,Mobile,6150215,qRrrrD,,0
U0170,Female,19,Premium,15,4,2,39.48,10,1,0,0,2025-07-22,Desktop,3871223,JMxbRt,Scene safe interview foot magazine politics improve.,0
U0171,Male,39,Standard,1,6,1,25.25,3,5,1,0,2025-05-20,Mobile,2473193,,Energy better will security standard sing.,0
U0172,Female,59,Basic,12,6,4,30.78,10,5,0,1,2025-07-30,Desktop,3000702,FxXjHH,,0
U0173,Male,34,Basic,7,4,6,10.36,3,2,0,0,2025-05-26,Desktop,3968465,swIYBK,,0
U0174,Female,54,Premium,15,5,2,40.64,2,3,0,0,2025-06-14,Mobile,3951302,HOKKTe,Election game card government story.,0
U0175,Male,51,Basic,21,4,5,27.04,9,2,2,0,2025-07-17,Desktop,9812244,,Onto region suffer speak.,0
U0176,Female,31,Premium,19,4,2,10.23,7,3,0,1,2025-06-17,Mobile,7510210,,Health girl deal population shoulder lot.,0
U0177,Male,41,Standard,1,8,1,18.18,6,5,2,1,2025-07-26,Mobile,6373418,,Region full prepare wind high claim.,0
U0178,Other,53,Premium,17,4,1,38.71,8,3,1,1,2025-07-04,Mobile,5892025,UTSvhT,Term just attack claim.,0
U0179,Male,44,Standard,17,7,1,46.14,0,5,2,0,2025-06-19,Desktop,5599544,,Throughout professor mother here.,0
U0180,Male,26,Premium,3,7,1,30.2,6,5,1,1,2025-07-04,Mobile,5610001,jTQhBr,Industry nice answer truth remember.,0
U0181,Male,55,Basic,12,9,2,20.18,9,2,0,0,2025-05-24,Mobile,5326572,,Ball provide southern mention try fill fire.,0
U0182,Other,33,Standard,6,6,2,15.79,3,2,0,0,2025-07-11,Desktop,5080238,UfMKFO,,0
U0183,Female,55,Standard,11,5,1,44.15,6,4,0,0,2025-07-24,Mobile,816271,,Within chair small various pressure.,0
U0184,Male,38,Standard,3,10,1,34.49,0,1,0,0,2025-07-01,Mobile,4261745,Bumdfa,Near other eat common affect evidence spring century.,1
U0185,Female,42,Standard,8,8,3,26.7,4,4,0,1,2025-05-10,Mobile,4519398,,Here professional choice.,0
U0186,Female,41,Premium,14,5,3,24.32,2,4,0,1,2025-05-23,Mobile,3502053,VYESwb,Business cause fund letter Democrat actually stage.,0
U0187,Female,33,Premium,14,6,1,36.72,4,3,0,0,2025-07-05,Mobile,3887806,HUOiAb,Firm product opportunity thing entire within.,0
U0188,Female,29,Standard,10,1,3,36.44,3,5,0,1,2025-08-02,Mobile,5601498,nJmNis,,0
U0189,Male,36,Standard,2,10,4,21.03,1,5,0,1,2025-05-28,Tablet,6535180,,,0
U0190,Male,41,Standard,14,10,3,18.58,10,5,0,1,2025-06-30,Desktop,5598472,qYVkYi,Prove require should a hear eight place wall.,0
U0191,Female,20,Standard,9,3,3,19.08,3,1,0,0,2025-05-20,Mobile,6484888,CgWBci,Miss some member store light.,0
U0192,Other,26,Basic,3,6,5,25.32,2,3,0,0,2025-05-13,Mobile,6520216,ptlgWG,Station speech including many.,0
U0193,Female,19,Basic,21,8,2,23.1,0,3,2,0,2025-06-13,Mobile,4400588,RWQRyv,Light word together various manager.,0
U0194,Male,57,Basic,8,1,1,46.18,9,5,0,1,2025-05-16,Desktop,6050614,OYWDeu,My well everybody upon including indicate book.,0
U0195,Male,34,Basic,16,7,1,24.96,7,4,0,0,2025-05-12,Mobile,1507255,XQtjxW,,0
U0196,Female,52,Basic,2,6,3,17.5,4,1,1,0,2025-05-20,Mobile,4231349,QQyryG,,0
U0197,Female,38,Basic,6,5,2,18.07,3,4,0,0,2025-07-11,Desktop,3996296,qsxXTj,Drug us put director responsibility.,0
U0198,Female,50,Basic,21,5,6,28.16,9,2,0,0,2025-06-11,Mobile,8062653,,,0
U0199,Female,24,Basic,12,8,0,11.78,4,3,1,1,2025-06-04,Mobile,5674174,jEXBoS,,0
U0200,Female,56,Premium,5,2,3,29.4,3,3,2,1,2025-08-02,Desktop,2331091,,Different work age decision crime own each.,0
U0201,Male,35,Standard,2,5,4,16.64,2,4,1,1,2025-06-28,Desktop,6189167,ntVPvl,Involve fast health.,0
U0202,Male,58,Basic,16,5,5,41.59,4,1,1,1,2025-07-19,Mobile,6819566,,Moment church find.,0
U0203,Female,57,Standard,5,3,1,31.17,3,3,1,0,2025-06-20,Desktop,4820672,,,0
U0204,Female,53,Basic,15,5,2,51.21,0,4,1,0,2025-07-21,Mobile,6380511,WjNkyu,Watch left become which begin.,0
U0205,Male,22,Premium,12,4,2,27.72,2,1,0,0,2025-07-04,Desktop,8585,locUna,,1
U0206,Male,42,Standard,4,3,2,-1.32,9,4,2,0,2025-06-03,Mobile,-398644,wBgxny,Scientist why experience quality hair him idea.,0
U0207,Female,50,Basic,15,8,4,44.58,9,1,0,0,2025-06-13,Desktop,2642661,sHRxwA,,0
U0208,Male,22,Standard,11,4,3,35.02,7,5,0,1,2025-07-09,Tablet,5298079,,,0
U0209,Male,53,Premium,16,4,2,36.57,6,1,2,0,2025-07-30,Tablet,8064327,,Film mouth difficult popular at.,0
U0210,Female,49,Premium,23,2,1,19.97,1,2,0,1,2025-06-19,Tablet,2747144,riniqC,Necessary relate school want heart bag reveal past.,0
U0211,Female,38,Standard,6,5,2,29.57,0,5,0,0,2025-07-17,Mobile,3292645,WlfTvs,Rate experience poor.,0
U0212,Female,37,Standard,14,6,4,31.86,2,4,1,0,2025-07-21,Mobile,5177212,,Environmental night dinner difficult bag yes.,0
U0213,Male,22,Basic,18,4,3,27.62,4,5,0,0,2025-07-18,Mobile,4015362,,,0
U0214,Female,22,Premium,12,4,4,12.66,9,5,1,0,2025-07-20,Desktop,3901618,DDuLBi,Visit exactly certain yeah to low compare.,0
U0215,Male,20,Basic,11,1,2,57.69,10,4,0,0,2025-06-14,Desktop,4157050,WLhZQh,Responsibility physical exactly check middle.,0
U0216,Male,46,Premium,13,3,3,38.36,0,4,0,0,2025-07-09,Mobile,7629576,RmXIrA,,0
U0217,Female,27,Standard,21,5,0,34.21,2,2,0,0,2025-07-22,Tablet,7232268,sBPZeP,,0
U0218,Female,46,Standard,23,4,3,43.14,2,4,0,0,2025-05-20,Desktop,5046938,ctHaBX,,0
U0219,Female,47,Standard,11,5,3,36.44,4,3,0,0,2025-05-23,Tablet,8308960,mcwlrX,Argue over measure wish.,0
U0220,Female,40,Basic,23,7,3,23.23,2,3,0,1,2025-05-10,Desktop,6018056,TprpbE,Water Republican car test relationship.,0
U0221,Female,25,Basic,16,8,1,42.5,8,2,1,1,2025-07-03,Mobile,7307788,tzBggD,Down drive result peace.,0
U0222,Male,19,Basic,15,4,3,38.52,0,1,0,0,2025-06-20,Mobile,3278906,,Approach phone government name actually.,0
U0223,Male,47,Basic,21,6,1,23.61,3,1,0,1,2025-06-10,Mobile,3692645,XTPltb,,1
U0224,Male,56,Standard,15,2,4,37.9,9,3,0,1,2025-07-11,Mobile,3671235,VWiCYB,,0
U0225,Male,53,Basic,4,7,0,27.59,9,4,1,1,2025-07-24,Desktop,4826555,bkAAEa,Six political by they why.,0
U0226,Unknown,52,Basic,11,3,4,32.08,3,2,1,0,2025-07-12,Desktop,5119826,tfNsIC,,0
U0227,Male,40,Premium,19,9,3,36.0,0,1,0,0,2025-06-22,Desktop,5648354,hOpZPP,Media back determine.,0
U0228,Female,47,Premium,15,3,2,43.68,1,1,0,1,2025-07-21,Desktop,8946209,EEsMqj,,0
U0229,Female,22,Premium,4,5,2,23.54,10,5,0,0,2025-06-03,Mobile,6442556,yvkUoM,,0
U0230,Female,18,Premium,21,3,4,33.65,0,3,0,1,2025-05-31,Mobile,3970416,pcjcHT,Eye degree author look traditional use.,0
U0231,Female,36,Basic,13,7,3,50.16,5,4,1,1,2025-06-07,Mobile,4993451,,Hospital force open federal shake cost current grow.,0
U0232,Female,44,Basic,22,3,3,28.24,2,2,0,0,2025-07-29,Mobile,8009884,IDzifB,,0
U0233,Female,27,Standard,19,6,3,31.97,6,1,0,0,2025-06-18,Mobile,6563759,boemCq,Dinner the see in drive however.,0
U0234,Male,20,Standard,2,6,7,50.14,4,5,0,0,2025-05-24,Mobile,7983564,,Class heavy least energy.,0
U0235,Female,31,Basic,14,3,6,36.37,8,3,0,0,2025-07-17,Mobile,4034633,MJPXfD,Student reach film worry member sell.,0
U0236,Male,22,Premium,4,2,2,15.26,6,3,0,0,2025-07-30,Mobile,3576676,SyLwnf,Case mention per understand fire project close.,0
U0237,Male,46,Basic,16,4,0,22.05,3,2,0,0,2025-06-26,Desktop,3605910,,Try my up foreign choice through.,0
U0238,Female,54,Basic,21,8,3,36.9,4,1,0,0,2025-05-24,Mobile,4196027,SORBUG,Join hotel other young may.,0
U0239,Male,18,Standard,20,5,4,34.23,4,2,1,0,2025-07-14,Mobile,2873433,tHYOTL,Type avoid writer guy ten hear.,0
U0240,Other,31,Standard,14,10,1,31.63,10,2,0,1,2025-06-19,Mobile,5590386,jMWwMu,Enjoy role up painting east issue recent.,0
U0241,Unknown,27,Standard,15,4,1,51.61,4,5,0,0,2025-05-18,Tablet,5624774,,We visit fight population necessary star education sound.,0
U0242,Other,24,Basic,3,1,6,23.83,9,3,1,1,2025-06-12,Mobile,7677555,QCKlcI,Plant impact letter open agreement whatever model.,0
U0243,Male,42,Premium,8,4,8,29.26,8,4,0,1,2025-05-23,Mobile,1479474,vZppFA,,0
U0244,Male,21,Basic,16,7,1,10.37,9,3,0,0,2025-06-23,Desktop,3111744,TsNsRE,,0
U0245,Other,22,Basic,10,7,2,41.61,2,3,0,1,2025-06-19,Mobile,6611160,,Area less course design term.,0
U0246,Male,42,Premium,4,6,4,22.01,5,5,0,0,2025-06-21,Tablet,5366946,NIXHYU,,0
U0247,Unknown,20,Premium,18,7,4,40.57,7,4,2,1,2025-07-08,Mobile,5089604,,,0
U0248,Unknown,35,Premium,2,7,4,39.52,10,1,1,0,2025-05-16,Mobile,7527707,,Organization special teach have cut produce manage.,0
U0249,Female,36,Premium,17,2,2,53.49,8,4,0,0,2025-06-20,Mobile,2980091,HodYiV,,0
U0250,Male,49,Standard,13,2,5,36.49,6,1,2,0,2025-07-05,Desktop,3542541,,,0
U0251,Male,36,Standard,4,9,5,26.44,2,4,1,0,2025-06-22,Mobile,3306976,FbyrEQ,Seat high record prepare.,0
U0252,Female,28,Basic,11,1,2,34.54,0,2,0,0,2025-05-05,Mobile,974183,owlKes,Give scientist natural grow someone research beyond interesting.,0
U0253,Male,17,Standard,7,5,2,22.41,3,4,0,0,2025-07-21,Mobile,5265635,WuAeVC,Home painting base true raise finally late.,0
U0254,Male,42,Basic,12,7,6,33.19,5,5,0,0,2025-06-24,Mobile,3954294,,Series low use realize power chair.,0
U0255,Female,30,Basic,10,3,7,27.99,2,1,0,0,2025-06-14,Mobile,3534198,aGriQC,,0
U0256,Other,54,Standard,7,8,2,29.3,0,3,0,0,2025-05-22,Desktop,3173149,,Name ever pay side her case.,0
U0257,Female,53,Standard,13,6,3,21.02,5,5,0,0,2025-07-11,Desktop,4964506,,Much campaign others adult.,0
U0258,Female,27,Basic,7,7,2,33.0,0,1,0,0,2025-05-09,Mobile,3402920,PNoIzC,Return off window arrive on boy herself.,0
U0259,Male,52,Basic,24,5,6,38.24,8,1,0,0,2025-06-30,Mobile,5443135,HMHsAN,,0
U0260,Female,29,Standard,17,3,1,13.48,10,3,1,1,2025-07-23,Desktop,5918360,mtxBKk,Chair manager seem produce or remember memory.,1
U0261,Unknown,59,Basic,10,9,4,23.11,0,2,0,0,2025-07-16,Mobile,4410844,Dzqtjg,Theory maybe amount.,0
U0262,Male,19,Premium,10,5,1,31.68,5,5,0,1,2025-05-25,Mobile,4275064,JQQTgj,,0
U0263,Female,49,Standard,24,8,1,6.53,0,3,0,0,2025-07-28,Mobile,5370982,bfpHow,,0
U0264,Female,22,Standard,4,12,3,47.4,6,3,1,1,2025-06-06,Desktop,4942300,depPvT,Exactly against center pretty.,0
U0265,Female,26,Standard,20,5,4,22.89,2,2,1,0,2025-05-13,Tablet,7660318,BGihTT,,0
U0266,Female,21,Premium,4,6,5,20.62,5,5,0,0,2025-07-26,Desktop,5636531,,Politics might truth just.,0
U0267,Female,39,Basic,22,2,2,27.93,6,3,0,0,2025-07-20,Mobile,7191172,umAmUU,Put than bring mean one lot admit.,0
U0268,Male,26,Standard,7,2,4,31.37,0,2,0,0,2025-06-03,Mobile,6221022,JiHwMB,Pattern stock hospital.,0
U0269,Male,18,Standard,22,8,3,22.44,0,5,0,0,2025-07-11,Desktop,2363163,,Throughout star hear most daughter.,0
U0270,Female,29,Basic,1,3,3,39.8,4,4,0,0,2025-07-08,Mobile,3883470,hBcSHW,,0
U0271,Female,56,Premium,12,5,1,34.0,5,1,0,1,2025-07-28,Tablet,4903805,jYgIUb,Single maybe any happy agent gun color.,0
U0272,Female,18,Standard,24,3,4,21.63,8,2,0,0,2025-06-05,Tablet,6736888,ElAnxX,Most bed environment I well.,0
U0273,Other,36,Standard,13,5,1,24.78,0,1,1,0,2025-06-11,Mobile,8855625,APthaC,,0
U0274,Female,17,Premium,10,3,4,14.83,3,4,0,1,2025-07-09,Tablet,4031705,FinwPt,Including girl fly.,0
U0275,Female,53,Premium,15,4,1,17.47,9,3,0,0,2025-05-15,Mobile,5110512,VXYTOG,,0
U0276,Female,25,Standard,13,5,1,33.88,7,3,0,1,2025-07-13,Desktop,6599822,mRGoUA,Authority born health nation reality nature rock at.,0
U0277,Female,33,Premium,23,6,2,21.73,9,5,0,0,2025-07-11,Mobile,4884344,eYJPyo,Week country loss each base perhaps.,0
U0278,Female,25,Standard,22,6,0,48.04,8,2,2,1,2025-07-31,Mobile,8288193,tKspnz,Television whom later nearly carry black teach.,0
U0279,Female,27,Standard,22,8,1,30.71,2,2,0,0,2025-06-22,Desktop,2304426,,Build him stand up nothing.,0
U0280,Female,31,Standard,21,7,2,16.47,10,5,0,1,2025-07-19,Desktop,6356039,,Such life technology third.,0
U0281,Male,40,Standard,22,6,2,18.57,1,1,1,1,2025-07-07,Mobile,6336426,bUeDSa,Force message thought option.,0
U0282,Male,54,Basic,9,8,0,40.53,3,3,0,0,2025-05-10,Mobile,7304077,xbJNbX,Ahead those old evidence center.,0
U0283,Male,51,Premium,9,9,3,29.23,1,3,0,0,2025-06-18,Mobile,5124102,GVMiia,Pretty find defense north resource image.,0
U0284,Female,46,Premium,15,6,3,39.92,0,2,1,0,2025-07-20,Mobile,6783042,IYhNOY,,0
U0285,Male,47,Basic,10,7,3,26.34,2,2,0,1,2025-06-16,Mobile,4501721,Gzqush,Because attention sister present than agreement project.,0
U0286,Female,21,Premium,24,8,1,24.4,6,5,1,0,2025-06-07,Mobile,3397217,WqiNMI,Even analysis whatever end.,0
U0287,Female,30,Basic,10,2,1,41.19,0,4,1,0,2025-05-09,Mobile,3105593,,Painting three forget hand four.,0
U0288,Male,27,Basic,8,3,6,21.41,1,1,1,0,2025-08-02,Mobile,2117195,,,0
U0289,Female,25,Standard,24,2,0,34.89,0,4,0,0,2025-07-14,Mobile,4117282,aJFQqk,Partner you TV those.,0
U0290,Male,50,Basic,16,4,2,27.88,7,4,1,0,2025-05-23,Mobile,5622976,NZUuHc,Machine hour ago maybe.,0
U0291,Male,28,Premium,17,7,4,38.79,4,2,1,1,2025-07-06,Mobile,4583735,VMaJVv,,0
U0292,Female,51,Premium,5,7,5,48.18,7,2,1,0,2025-07-22,Tablet,5395932,OVHdYl,Either memory student shake.,0
U0293,Male,51,Standard,4,9,3,26.08,2,2,1,1,2025-07-28,Mobile,7469758,QZjLho,Visit success little thank provide himself now city.,0
U0294,Male,17,Basic,18,6,2,24.53,6,4,2,0,2025-06-27,Tablet,3965026,aOhDAh,Politics describe might decide performance doctor.,0
U0295,Female,56,Basic,24,2,2,36.66,7,1,2,0,2025-05-16,Desktop,9680592,,Able executive college black response final.,0
U0296,Female,38,Standard,19,4,4,19.18,5,2,0,0,2025-06-04,Desktop,6510485,xEXnSS,Reach decision gun computer.,0
U0297,Male,45,Premium,4,9,4,46.16,6,3,0,0,2025-05-24,Desktop,4606148,JnyLcD,Quickly none myself social life today month.,0
U0298,Female,24,Standard,7,3,1,44.46,1,1,0,1,2025-07-03,Desktop,4560795,,,1
U0299,Male,27,Basic,10,3,5,20.01,7,3,0,1,2025-05-13,Mobile,2983740,bGtdUj,Almost civil meeting race including.,0
U0300,Male,57,Standard,18,9,1,14.17,4,1,0,0,2025-05-09,Mobile,4948566,EGcxLh,Senior body quite teach.,0
U0301,Female,53,Standard,19,3,4,18.39,6,2,0,0,2025-07-13,Desktop,676807,,,0
U0302,Female,30,Standard,4,7,2,18.55,0,5,0,0,2025-05-26,Mobile,7511532,IJLuiQ,,0
U0303,Female,46,Basic,10,7,5,38.02,4,2,0,1,2025-07-09,Desktop,-633221,,Word race out person.,0
U0304,Female,51,Standard,1,3,2,45.49,0,4,2,1,2025-06-16,Mobile,5083501,UKYGos,,0
U0305,Unknown,37,Standard,23,4,6,37.9,7,4,1,1,2025-07-14,Desktop,2712021,,Individual standard author speech improve some.,0
U0306,Female,53,Premium,18,1,2,27.64,3,1,1,0,2025-05-18,Mobile,3597642,aibLeS,,0
U0307,Male,21,Basic,5,3,1,33.42,3,4,0,0,2025-06-13,Mobile,3855696,wrCkDg,,0
U0308,Female,35,Standard,15,5,3,21.3,1,2,3,0,2025-07-09,Mobile,8851252,ejgqWl,Remain level investment get nature.,0
U0309,Male,30,Premium,17,5,4,40.97,4,3,0,0,2025-07-06,Desktop,2793498,kPxuvd,,0
U0310,Male,42,Basic,3,6,3,34.32,0,2,0,0,2025-06-13,Desktop,6828519,HQkCwc,,1
U0311,Male,20,Premium,12,1,5,37.73,8,1,0,0,2025-07-01,Mobile,7320803,rPSxYb,,0
U0312,Male,41,Standard,2,6,4,22.72,4,4,0,0,2025-06-14,Desktop,323143,qdEMor,Must least base wide couple according.,0
U0313,Unknown,58,Basic,1,6,3,28.31,5,3,1,1,2025-05-12,Mobile,3769294,,Begin institution cut rather beautiful claim involve bed.,1
U0314,Female,41,Basic,23,1,1,37.25,1,5,0,1,2025-06-02,Mobile,7968918,,Article director wide cold material end billion.,0
U0315,Female,34,Standard,21,3,3,44.44,9,3,1,0,2025-07-14,Mobile,2370453,WQuvwG,Challenge second evening.,1
U0316,Male,56,Basic,17,6,1,23.92,9,3,2,0,2025-07-08,Mobile,7396552,ZdAUNb,Exist produce know it close.,0
U0317,Male,24,Standard,22,8,1,37.8,0,2,0,0,2025-07-23,Mobile,4964266,,Road much else other director someone easy.,0
U0318,Male,55,Basic,16,8,4,22.88,3,5,0,1,2025-05-17,Mobile,4877805,jxESXz,,0
U0319,Male,56,Standard,5,8,3,51.17,6,1,0,1,2025-07-25,Desktop,5138983,jiNgqn,Pattern air action.,0
U0320,Female,30,Basic,15,8,3,25.85,5,1,0,1,2025-06-14,Desktop,5685143,ALUcCp,,0
U0321,Female,48,Premium,3,2,2,36.44,9,3,0,1,2025-05-22,Mobile,3088723,cgVlmA,Music subject born.,1
U0322,Female,54,Premium,7,6,6,31.66,0,3,1,0,2025-06-01,Mobile,4479160,,Shake right American attention movie respond happen.,0
U0323,Male,49,Premium,11,4,3,56.05,0,4,1,0,2025-06-16,Mobile,5741196,kYySnX,,0
U0324,Unknown,39,Standard,10,8,1,32.3,7,5,0,0,2025-07-27,Mobile,5353771,ZbMaye,Avoid deal month.,0
U0325,Female,31,Basic,9,11,4,24.85,3,3,1,0,2025-05-10,Mobile,5698451,hMTpei,Performance understand course cold type return.,0
U0326,Female,49,Standard,14,2,0,36.4,4,4,0,1,2025-08-02,Mobile,3562625,PmuvsL,Tax entire Congress also later.,0
U0327,Female,41,Basic,13,5,5,36.17,6,5,1,0,2025-07-31,Tablet,6264598,qPeuSG,Head doctor at think.,0
U0328,Male,33,Basic,2,10,5,28.43,7,1,1,0,2025-07-18,Desktop,5252951,jXcBQi,Effort teacher win control visit newspaper laugh evidence.,0
U0329,Male,49,Basic,3,4,1,19.05,9,4,0,0,2025-06-18,Mobile,1838599,DYWCYy,Value almost discuss cut anyone along customer.,0
U0330,Male,18,Standard,7,8,1,24.72,6,5,2,1,2025-06-18,Mobile,3937256,ZQQSlR,News myself action entire fund interview adult.,1
U0331,Female,30,Standard,21,4,2,38.81,1,4,1,0,2025-06-27,Mobile,3208990,,World follow agent perform system issue city.,0
U0332,Male,56,Standard,18,3,4,12.53,3,3,0,1,2025-05-05,Desktop,3183243,,Nearly long action indicate street ball.,0
U0333,Male,56,Standard,3,6,3,27.52,9,2,0,0,2025-05-28,Mobile,4047039,,Receive financial speak run wide there fear.,1
U0334,Male,55,Basic,10,7,4,39.95,0,1,0,0,2025-07-31,Mobile,6226943,PwXtzk,Strong work doctor pressure approach.,0
U0335,Male,22,Premium,22,4,4,29.07,9,3,0,0,2025-07-19,Desktop,3746415,WkROAX,,0
U0336,Female,22,Standard,7,7,3,51.74,8,3,0,1,2025-06-15,Mobile,5450115,LnGIeK,Why hear popular according simple middle.,0
U0337,Female,19,Standard,9,4,1,12.55,2,5,0,0,2025-06-17,Mobile,5122325,,Instead expect air.,0
U0338,Female,23,Basic,17,3,3,20.39,2,4,1,1,2025-05-07,Mobile,3441895,,Word admit as make.,0
U0339,Male,24,Standard,11,4,2,6.85,9,1,1,0,2025-05-28,Mobile,4310369,GssPUK,To small material evening walk worry.,0
U0340,Female,58,Standard,7,6,3,49.94,8,3,0,0,2025-05-27,Mobile,6729698,,Rather yourself right throughout believe.,0
U0341,Female,31,Basic,24,6,4,20.55,9,5,0,1,2025-06-05,Mobile,5299612,rNNqZT,,0
U0342,Male,45,Basic,14,8,4,10.13,2,1,1,0,2025-07-14,Mobile,6097655,,Summer you maintain modern.,0
U0343,Male,49,Standard,19,7,4,23.88,7,4,0,0,2025-05-28,Mobile,7544993,olPcFm,Western up prevent best step party.,0
U0344,Male,46,Standard,4,2,0,16.07,1,3,0,1,2025-07-27,Desktop,5869874,Ntnntb,,0
U0345,Female,55,Basic,6,6,0,23.95,2,3,1,0,2025-06-21,Mobile,1158622,,Successful conference source life bill foot.,0
U0346,Female,43,Premium,10,4,7,30.41,1,3,1,1,2025-06-07,Mobile,5541195,,All south better.,0
U0347,Male,52,Basic,7,2,3,38.05,0,1,1,0,2025-07-27,Desktop,3763777,YOtSrq,Lose per front pattern nearly subject.,0
U0348,Male,45,Standard,13,9,4,28.25,1,1,1,0,2025-07-05,Desktop,8620605,FNkdLD,Thank short recently them least.,0
U0349,Female,54,Premium,14,5,4,30.25,7,1,0,0,2025-05-11,Desktop,5798538,,,0
U0350,Female,49,Standard,4,3,3,24.18,8,1,1,1,2025-07-03,Mobile,3805123,ZBJxqf,Type anyone south race.,0
U0351,Female,53,Standard,8,2,5,14.88,1,5,0,0,2025-07-19,Mobile,6133023,KnNqEQ,Tough over available theory camera plant Republican.,0
U0352,Female,43,Basic,5,6,1,11.53,6,2,0,1,2025-07-16,Desktop,5181581,EmbtGA,,0
U0353,Male,49,Basic,1,3,4,26.36,4,5,1,1,2025-05-17,Desktop,1564085,,,0
U0354,Male,20,Premium,4,6,1,30.85,2,3,1,0,2025-07-21,Mobile,6726121,xSbjwr,Seem which for raise oil term.,0
U0355,Female,38,Standard,3,5,4,25.61,8,5,0,0,2025-07-06,Tablet,4188920,,Risk we kid institution training.,0
U0356,Male,18,Premium,9,2,4,11.91,5,4,1,0,2025-06-24,Mobile,7841236,,Task system occur just can church.,0
U0357,Female,26,Basic,8,7,1,32.01,10,1,0,0,2025-07-21,Tablet,4751138,,Our claim significant.,0
U0358,Other,21,Basic,1,6,2,46.29,0,4,2,0,2025-06-21,Desktop,7878586,KDMbtv,Contain read indeed treatment five social develop let.,0
U0359,Female,26,Basic,6,5,3,28.85,4,4,1,1,2025-07-07,Desktop,5849796,IBpdqS,,0
U0360,Male,49,Standard,9,8,2,24.2,6,3,1,1,2025-08-01,Tablet,6948246,cMoxfG,Left understand either me.,0
U0361,Female,54,Basic,7,3,4,29.4,3,1,0,1,2025-06-08,Desktop,4016361,,,1
U0362,Female,29,Premium,4,5,2,18.96,7,4,2,1,2025-07-12,Mobile,5706012,IYdVlp,,0
U0363,Female,47,Standard,13,5,8,18.31,9,3,0,1,2025-07-18,Mobile,1547530,ftyygW,Big early ahead specific join.,0
U0364,Other,52,Premium,17,4,4,34.51,4,1,0,0,2025-07-19,Mobile,4745926,,Billion health operation good.,0
U0365,Male,40,Basic,2,3,4,39.9,8,2,0,1,2025-05-27,Mobile,2030936,LFNKxV,Base few mention force.,0
U0366,Unknown,31,Premium,5,3,1,28.53,8,3,0,1,2025-07-17,Desktop,2714045,,Drive our throughout remain.,0
U0367,Other,45,Standard,12,5,3,10.26,8,5,0,0,2025-05-25,Mobile,3218391,osFRaU,,0
U0368,Male,24,Standard,21,5,3,33.53,0,1,1,1,2025-07-02,Mobile,6320841,RynZjA,,0
U0369,Male,21,Premium,8,6,3,50.67,1,4,1,0,2025-07-11,Mobile,4705279,,,0
U0370,Male,45,Standard,6,6,7,27.56,2,4,0,1,2025-07-19,Desktop,5062854,KukfTp,,0
U0371,Male,20,Standard,8,6,3,28.22,3,5,0,1,2025-06-15,Mobile,4650824,sRVsnZ,Foreign later wide ask put follow dark do.,0
U0372,Male,28,Basic,18,6,2,21.27,9,5,0,1,2025-07-04,Mobile,7161440,ncxoUq,,0
U0373,Female,18,Basic,3,7,1,34.81,8,4,2,0,2025-07-21,Mobile,5008083,EXgQxg,Political either according management key.,0
U0374,Male,43,Premium,22,2,3,23.29,9,1,0,1,2025-05-29,Desktop,5497674,,Dream place among quickly recognize design example.,0
U0375,Male,47,Standard,12,5,3,40.22,5,3,0,0,2025-07-17,Mobile,3859493,rCRLHr,,0
U0376,Female,52,Standard,3,3,0,23.42,0,5,2,0,2025-05-24,Desktop,7298818,RDwGhR,Their whom bank alone possible the.,0
U0377,Male,52,Standard,22,1,3,33.42,8,5,1,1,2025-06-05,Mobile,7448778,yHZWOv,Look manage interesting nation check.,0
U0378,Female,42,Basic,6,8,5,29.54,5,5,0,0,2025-06-25,Mobile,4926222,QAXRCc,Such inside agency remember home sing plan job.,0
U0379,Male,59,Basic,2,0,4,45.55,3,2,0,1,2025-06-03,Tablet,3831409,ZdtqZp,,0
U0380,Male,43,Standard,23,4,4,34.09,3,1,2,0,2025-06-25,Mobile,1768047,MGOCrY,Director civil during stage finish present market.,0
U0381,Female,21,Standard,12,3,5,43.87,2,1,0,0,2025-05-29,Mobile,3262807,bafHSO,Deal sense paper may near cover trip situation.,1
U0382,Female,36,Basic,2,3,2,31.09,6,1,0,1,2025-06-03,Mobile,665819,EGfzcX,,0
U0383,Female,27,Standard,6,2,3,28.29,2,1,0,0,2025-05-26,Mobile,3178714,PiNjxA,Trial many able including during.,0
U0384,Female,26,Basic,17,3,3,29.62,1,1,1,0,2025-07-18,Mobile,5713940,nFOELd,Watch although cause woman.,0
U0385,Female,56,Standard,3,8,4,22.29,9,4,2,1,2025-07-13,Mobile,4899200,yJvnaR,,0
U0386,Male,54,Basic,2,6,1,35.32,7,5,0,0,2025-07-12,Mobile,9646533,AaNSrN,Hundred leg already.,0
U0387,Male,22,Standard,23,4,2,23.1,3,4,0,1,2025-06-21,Mobile,4257886,liPTer,,0
U0388,Female,24,Basic,20,6,3,31.12,7,2,1,0,2025-06-14,Desktop,4101736,,Public democratic to.,0
U0389,Female,39,Standard,8,5,2,38.55,0,3,1,0,2025-07-06,Desktop,7125539,zsjzBD,Computer president control necessary nice watch stay.,0
U0390,Unknown,42,Basic,22,1,3,45.84,4,5,0,0,2025-05-29,Mobile,1146127,HTjfMu,Water understand four measure term shake.,0
U0391,Male,59,Basic,12,3,5,31.63,8,2,2,0,2025-07-15,Mobile,2036465,OSUEsK,Oil occur you.,0
U0392,Male,28,Basic,4,3,1,38.61,0,4,0,0,2025-07-12,Mobile,6327682,kHUHMQ,,0
U0393,Female,42,Standard,5,3,1,37.42,10,3,2,0,2025-05-30,Mobile,4609151,Xozjbu,Manager kid share rich wide work.,0
U0394,Male,29,Standard,13,9,1,26.18,3,2,0,0,2025-05-28,Mobile,4655007,iUTFkV,,0
U0395,Other,56,Basic,15,2,1,51.08,5,3,0,0,2025-05-10,Mobile,3125697,jmIiOb,Environment month stay pass free strategy with.,1
U0396,Female,34,Standard,23,3,1,24.24,9,2,1,0,2025-05-08,Mobile,5479540,JkTwQI,Message before treat practice tough address.,0
U0397,Male,41,Premium,16,5,1,30.91,7,4,0,0,2025-06-05,Mobile,3383953,VLHFwk,Guess goal under those serve him.,0
U0398,Female,49,Standard,10,4,3,44.54,2,3,1,0,2025-06-15,Mobile,5145486,prZjRb,Practice figure about lay film expert.,0
U0399,Female,56,Basic,23,3,2,44.29,4,2,0,1,2025-07-26,Tablet,2683032,jhaXef,South especially agent ready.,0
U0400,Male,59,Standard,16,3,5,30.14,6,4,0,1,2025-07-06,Mobile,4635206,zhxHtb,Best exist family summer shoulder minute.,0
U0401,Other,28,Basic,12,0,5,39.9,0,5,1,1,2025-06-09,Desktop,9049737,,,0
U0402,Female,52,Basic,17,2,2,27.76,6,4,1,0,2025-06-16,Desktop,4150128,,Similar far four that approach water stand imagine.,0
U0403,Female,20,Premium,16,7,2,25.11,10,4,0,1,2025-06-24,Mobile,4736483,,Mind while minute design talk or but vote.,0
U0404,Male,21,Basic,12,4,4,17.87,7,5,0,1,2025-06-01,Mobile,4594954,,,1
U0405,Female,53,Standard,8,3,0,37.24,7,4,0,1,2025-05-11,Mobile,5349062,,She local current fly today around.,0
U0406,Male,24,Standard,20,11,2,38.29,8,5,0,0,2025-07-20,Mobile,5936303,TNiDGJ,Table social describe central reflect green very.,0
U0407,Male,58,Standard,3,2,3,24.32,5,5,2,1,2025-07-15,Mobile,5514475,vnbtjk,Great subject money kid can.,0
U0408,Other,44,Standard,16,6,3,32.68,5,5,0,1,2025-06-02,Desktop,5558631,,System popular reflect tonight help game.,0
U0409,Male,47,Basic,13,11,3,56.51,1,2,0,1,2025-05-14,Mobile,4638333,MrNGZz,Strong energy American experience itself truth.,0
U0410,Male,25,Basic,23,3,1,41.47,2,3,1,0,2025-05-20,Mobile,5200579,OVJSuP,Environmental wait effort part blue different dog.,0
U0411,Unknown,45,Standard,19,5,3,20.99,3,2,0,0,2025-06-10,Desktop,4572089,VRDFjC,,0
U0412,Unknown,30,Basic,8,6,1,40.02,3,5,0,0,2025-05-08,Desktop,1375282,,Animal center smile share head man.,0
U0413,Female,56,Basic,22,4,2,21.03,7,3,0,0,2025-07-17,Mobile,10261230,epOBrX,Boy old public should exist will out how.,0
U0414,Female,57,Basic,5,3,2,1.05,0,3,0,1,2025-07-25,Desktop,6456345,,,0
U0415,Male,38,Basic,20,10,1,29.8,9,5,0,0,2025-06-02,Mobile,3041361,nqcMFa,Door trouble well open little check not.,0
U0416,Male,27,Basic,8,2,6,45.63,3,3,0,0,2025-05-11,Mobile,5460120,bWGEwv,Wish debate indeed.,0
U0417,Male,39,Basic,24,4,2,43.97,10,3,1,0,2025-06-13,Mobile,2307718,JRdqDe,,0
U0418,Female,17,Standard,12,7,7,33.77,10,2,0,0,2025-05-27,Mobile,4011596,dMycuD,,0
U0419,Female,53,Standard,1,6,8,24.58,10,3,0,0,2025-08-01,Tablet,2036022,WmQRVJ,,0
U0420,Female,37,Premium,21,7,2,34.86,3,5,0,1,2025-07-17,Mobile,4897630,MAKGuI,,0
U0421,Female,42,Basic,20,5,2,27.31,0,1,0,0,2025-05-29,Mobile,1837289,coZYqo,,0
U0422,Male,52,Basic,6,7,6,24.86,2,1,0,0,2025-05-30,Mobile,5776845,DxMLVn,,0
U0423,Female,39,Basic,22,1,3,40.62,4,1,0,0,2025-06-21,Mobile,6364442,lWrSug,,0
U0424,Male,17,Standard,18,6,1,24.74,5,5,0,0,2025-06-08,Mobile,3346038,fBTHtb,Charge nice large performance.,0
U0425,Female,56,Standard,8,5,3,41.27,8,1,0,0,2025-07-26,Mobile,5321788,,Production coach face affect current play laugh.,0
U0426,Male,31,Basic,7,15,0,24.08,8,2,0,1,2025-05-29,Desktop,3240071,fMTSXP,Public avoid offer firm must degree either.,0
U0427,Female,37,Premium,1,6,6,50.58,8,5,1,1,2025-06-04,Mobile,6023461,azpYYn,Notice area treat soon sing near.,0
U0428,Male,25,Basic,21,3,2,13.59,10,5,0,1,2025-06-03,Mobile,3622763,,Work save another policy building remain likely.,0
U0429,Male,25,Standard,16,2,1,20.43,0,5,0,1,2025-06-18,Mobile,6577940,,Because shoulder buy.,0
U0430,Male,26,Standard,12,5,3,28.45,8,3,0,0,2025-07-30,Mobile,1376816,zQpMlK,,0
U0431,Female,42,Premium,6,7,3,10.16,7,3,0,1,2025-06-19,Mobile,2990048,vhccss,Thousand leg street fact although.,0
U0432,Female,57,Standard,20,3,5,4.29,1,3,0,1,2025-07-15,Desktop,2782367,PtbmHS,Discussion avoid employee off affect head.,0
U0433,Male,51,Premium,2,3,1,10.25,10,4,1,1,2025-06-20,Tablet,5406707,EyrSfp,,0
U0434,Male,41,Basic,14,4,2,27.08,0,2,0,0,2025-07-01,Mobile,6110179,DSHNsm,Question billion kid high do suggest modern.,0
U0435,Female,42,Premium,4,2,3,27.33,0,5,2,1,2025-05-10,Mobile,5561274,,,0
U0436,Male,27,Basic,1,3,6,33.33,5,5,0,1,2025-06-01,Desktop,3982046,,Choice he middle that lot beyond mind.,0
U0437,Female,54,Premium,23,5,2,28.03,8,3,0,1,2025-06-13,Mobile,-590174,,Meeting would box could.,0
U0438,Female,18,Standard,18,7,3,33.0,6,5,0,0,2025-06-02,Mobile,5077404,,,0
U0439,Male,23,Premium,13,5,4,25.5,4,5,0,1,2025-05-19,Mobile,6576098,zjkQis,Year positive account sometimes nature minute try.,0
U0440,Male,34,Standard,2,7,5,37.15,10,1,0,1,2025-07-08,Desktop,10361017,,Product among each miss.,0
U0441,Unknown,43,Standard,9,2,1,35.94,1,5,1,1,2025-06-24,Mobile,4151209,poIoyt,Democrat job star lawyer strategy so.,0
U0442,Male,50,Standard,21,6,4,26.73,0,4,0,0,2025-07-22,Desktop,3669368,XBJpYx,,0
U0443,Male,43,Standard,2,4,4,35.33,1,3,0,1,2025-05-06,Desktop,5640509,,,0
U0444,Female,33,Basic,9,2,1,28.09,0,2,1,0,2025-07-04,Mobile,4487683,,All order plan way teach leg.,1
U0445,Other,59,Basic,1,6,6,14.78,2,2,0,0,2025-07-31,Desktop,7550746,PNxttt,Apply strategy account skin party.,0
U0446,Unknown,40,Basic,11,3,5,39.04,5,1,0,0,2025-05-23,Desktop,3383622,OqjIak,Seat determine happen dream coach evidence.,0
U0447,Female,41,Basic,3,3,5,20.93,7,2,0,1,2025-05-26,Mobile,4502304,PpxTgc,Describe almost many year.,0
U0448,Male,23,Premium,20,4,6,38.94,2,2,0,0,2025-06-24,Mobile,6752426,NAZJeL,Out research high child front citizen exist.,0
U0449,Male,22,Basic,23,4,3,33.24,9,3,0,0,2025-06-03,Mobile,5616728,PtbmdL,While city floor already people man affect.,1
U0450,Female,40,Premium,4,5,1,29.15,8,3,0,1,2025-06-26,Mobile,7322415,GpxYDF,,0
U0451,Female,49,Basic,18,4,1,11.23,9,4,0,1,2025-07-25,Mobile,4126867,,Compare nation from human during agent sort.,0
U0452,Male,45,Basic,23,6,6,45.4,4,1,0,0,2025-06-15,Mobile,7526569,,Next safe budget while would artist.,0
U0453,Other,59,Standard,6,4,2,26.37,6,2,1,1,2025-08-01,Mobile,1672319,,Heart operation allow member word unit discuss.,0
U0454,Male,38,Standard,3,7,4,36.35,7,4,0,1,2025-07-25,Desktop,1752389,qyJqyc,,0
U0455,Female,42,Standard,22,9,3,28.86,2,1,0,0,2025-06-22,Mobile,7558079,,,0
U0456,Male,44,Standard,11,3,7,27.29,1,2,0,0,2025-05-20,Mobile,5014699,XqySaj,Question method team year stay move born.,0
U0457,Female,37,Standard,15,4,2,31.93,1,2,1,0,2025-06-29,Mobile,6841631,,Catch action similar property there movement.,0
U0458,Male,23,Basic,22,3,4,30.27,4,3,0,0,2025-06-14,Mobile,5198941,,Hair discussion per sure.,0
U0459,Male,33,Premium,5,4,0,27.33,0,5,0,0,2025-07-17,Mobile,4985918,,Loss magazine despite protect.,0
U0460,Male,36,Premium,20,5,1,29.45,1,1,2,1,2025-06-27,Mobile,2343958,AKSYXM,,0
U0461,Female,57,Standard,10,2,2,34.27,8,2,0,1,2025-07-17,Mobile,4946320,mYqszs,Expert under visit party I talk important.,0
U0462,Female,36,Basic,12,5,7,34.98,6,1,0,0,2025-07-18,Desktop,7723214,,Common whatever avoid.,0
U0463,Female,38,Standard,15,10,5,30.43,5,4,0,0,2025-05-28,Desktop,5113340,jYUoKr,Article onto other hot rule others.,0
U0464,Unknown,44,Basic,17,5,3,36.21,8,4,1,0,2025-05-28,Mobile,6364156,SxGAlS,Truth central true local part.,0
U0465,Male,56,Basic,10,5,7,25.76,6,5,0,0,2025-07-25,Desktop,6308747,ITRUEJ,Those within hot choose produce Mr.,0
U0466,Male,23,Basic,6,7,2,52.25,10,2,1,0,2025-07-27,Desktop,2974583,hKfTBM,During young opportunity quite media bag tree.,0
U0467,Female,17,Standard,18,5,3,44.86,4,3,0,1,2025-06-10,Mobile,6714260,,,0
U0468,Male,48,Premium,13,7,1,37.62,8,2,1,1,2025-06-14,Tablet,4372542,uORrvx,Product fill discover type.,0
U0469,Unknown,29,Standard,3,3,3,10.58,5,1,2,0,2025-05-22,Desktop,4480695,YkDbJe,,0
U0470,Male,46,Standard,24,3,3,36.06,5,4,2,1,2025-07-13,Mobile,9195390,TDtngN,Beyond whatever staff civil.,0
U0471,Unknown,39,Standard,10,6,4,26.63,10,1,0,0,2025-07-09,Mobile,6194606,,Compare believe they know Mrs nature Mrs director.,0
U0472,Male,35,Basic,14,4,3,20.21,3,5,1,1,2025-06-30,Mobile,3722995,fzbdSx,Walk some thing your painting window.,0
U0473,Female,48,Basic,6,4,4,26.38,0,4,0,0,2025-07-22,Mobile,5129076,RmXgQz,Kitchen important enjoy break city result.,0
U0474,Female,46,Premium,3,2,2,21.32,4,3,2,0,2025-05-25,Desktop,5073239,gmycWH,Ball resource million without.,0
U0475,Unknown,45,Basic,16,2,4,35.07,10,4,0,1,2025-06-15,Mobile,8372186,,Section source interesting attack.,0
U0476,Male,45,Premium,7,3,6,46.16,8,2,0,0,2025-06-22,Desktop,5078921,jktuin,,0
U0477,Female,46,Standard,20,4,3,38.26,7,2,0,1,2025-05-30,Desktop,9415997,,Son experience final along.,0
U0478,Unknown,32,Standard,14,6,4,57.63,7,4,0,0,2025-07-06,Desktop,2406534,LbMlMS,,0
U0479,Female,56,Standard,9,4,1,14.46,4,5,1,0,2025-05-16,Desktop,4935294,oIoLoa,,0
U0480,Female,35,Standard,15,5,6,24.94,8,2,0,0,2025-06-16,Mobile,3474289,,Cultural after billion control money.,0
U0481,Female,34,Premium,21,4,4,20.57,2,2,0,0,2025-06-26,Mobile,4010342,teAKvc,Individual remain truth charge party eye.,0
U0482,Female,17,Premium,3,5,2,42.29,2,3,1,1,2025-06-19,Desktop,4053756,,Prove suffer behavior woman onto of.,0
U0483,Female,30,Standard,2,8,0,27.79,0,4,0,0,2025-05-08,Mobile,3577386,tCTtIV,Agreement medical system security onto less.,0
U0484,Female,18,Basic,2,4,2,31.9,8,2,0,1,2025-05-17,Mobile,8460343,XYcsOe,,0
U0485,Other,44,Standard,3,2,4,36.34,5,5,0,1,2025-06-11,Desktop,7845120,KpqRxM,Worker government on religious throughout answer deal.,0
U0486,Male,46,Premium,18,2,3,15.45,1,1,0,1,2025-05-11,Desktop,5805289,YtkJZx,Hard letter relationship today operation rule up.,0
U0487,Male,54,Basic,14,3,4,23.79,7,4,0,0,2025-06-16,Mobile,4051296,ozWIHr,Bank however traditional choice.,0
U0488,Unknown,20,Standard,20,6,4,39.97,8,3,0,1,2025-07-24,Desktop,3633533,,Group art back sing.,0
U0489,Female,17,Standard,18,4,6,24.52,8,2,0,0,2025-06-26,Desktop,6483617,xXobbU,,0
U0490,Female,24,Standard,10,3,3,12.86,1,5,0,0,2025-06-22,Mobile,5600301,,Wonder service read second.,0
U0491,Female,45,Basic,2,4,2,20.98,1,4,0,0,2025-07-05,Mobile,4710348,,Both sign note glass.,0
U0492,Male,55,Standard,22,3,5,27.14,6,5,0,0,2025-05-27,Tablet,6082386,UiEIPH,Science rich game detail.,0
U0493,Male,19,Premium,1,8,5,31.67,10,5,0,0,2025-06-21,Mobile,6782141,,,0
U0494,Female,48,Basic,4,4,4,29.29,3,3,0,1,2025-07-03,Mobile,4691919,xebIER,,0
U0495,Male,26,Basic,14,8,2,23.86,0,4,0,0,2025-06-24,Mobile,3425348,zEmTNb,Indicate quickly reality particularly fill need approach affect.,0
U0496,Female,26,Premium,1,4,1,39.39,7,2,1,0,2025-06-06,Desktop,2357768,deSeyP,Contain might without kid situation finally after.,0
U0497,Male,35,Basic,14,4,5,28.71,1,3,0,1,2025-05-27,Mobile,5501263,CRPPQb,,0
U0498,Unknown,50,Premium,16,1,6,32.09,2,2,0,0,2025-05-09,Mobile,9334491,bbtVfa,,0
U0499,Unknown,49,Standard,22,3,1,24.39,4,1,2,0,2025-06-02,Mobile,2778673,,Investment city we product Mrs.,0
